"COMP","PLOT","TREEID","TAG","STATUS","SPECIES","TS","LOCATION","DISTANCE","dbh_cm","height_m","htcb_m","decay"
"C","C-026","C-026-NW-13.6-1.86",NA,"D","ABCO","NW",13.6,1.86,23,15.4,NA,"1"
"C","C-026","C-026-NW-8.6-4.98","21","D","ABCO","NW",8.6,4.98,27.4,18.7,NA,"1"
"C","C-026","C-026-NW-6.7-1.61","26","L","ABCO","NW",6.7,1.61,25.4,18,5.4,NA
"C","C-026","C-026-NW-6.28-0.79",NA,"L","ABCO","NW",6.28,0.79,7.8,5.4,2,NA
"C","C-026","C-026-NW-5.19-3.5","18","D","CADE","NW",5.19,3.5,14.7,6.6,NA,"1"
"C","C-026","C-026-NW-4.63-3.59","17","L","CADE","NW",4.63,3.59,36.2,17.7,4.9,NA
"C","C-026","C-026-NW-0.78-2.03","14","L","ABCO","NW",0.78,2.03,65.8,30.4,11.7,NA
"C","C-026","C-026-SW-0.85-0.73","28","L","ABCO","SW",0.85,0.73,6.5,3.5,1.6,NA
"C","C-026","C-026-SW-6.6-0.91",NA,"L","QUKE","SW",6.6,0.91,3.8,4.5,3.1,NA
"C","C-026","C-026-SW-8.84-4.38",NA,"L","CADE","SW",8.84,4.38,49.8,19.5,6.1,NA
"C","C-026","C-026-SW-9.55-1.21","10","L","CADE","SW",9.55,1.21,35.7,17.6,6,NA
"C","C-026","C-026-SW-9.7-0",NA,"L","ABCO","SW",9.7,0,11.8,8.3,3,NA
"C","C-026","C-026-SW-10.14-2.35",NA,"L","CADE","SW",10.14,2.35,31.4,15.4,3.5,NA
"C","C-026","C-026-SE-13.6-3.24",NA,"L","CADE","SE",13.6,3.24,44.4,17.3,6.7,NA
"C","C-026","C-026-SE-12.1-3.97",NA,"L","CADE","SE",12.1,3.97,20.2,8,6.1,NA
"C","C-026","C-026-SE-7.75-0.32",NA,"L","ABCO","SE",7.75,0.32,10.5,5.6,3.5,NA
"C","C-026","C-026-SE-3.5-0.54","9","L","ABCO","SE",3.5,0.54,35.3,22.1,13.3,NA
"C","C-026","C-026-SE-2.67-2.17","24","L","ABCO","SE",2.67,2.17,21.5,12.7,4.9,NA
"C","C-026","C-026-SE-1.65-0.66","27","L","ABCO","SE",1.65,0.66,3.3,2.4,0.7,NA
"C","C-026","C-026-SE-0.85-0.32",NA,"L","ABCO","SE",0.85,0.32,1.8,2,0.9,NA
"C","C-026","C-026-NE-2.2-0.53",NA,"L","PILA","NE",2.2,0.53,1.4,1.9,0.3,NA
"C","C-026","C-026-NE-7.92-3.67","32","D","ABCO","NE",7.92,3.67,17.2,10.5,NA,"1"
"C","C-026","C-026-NE-10.4-0.84","1","L","CADE","NE",10.4,0.84,49.2,24.3,9.8,NA
"C","C-026","C-026-NE-11.98-4.96",NA,"L","ABCO","NE",11.98,4.96,54.1,27.7,5.7,NA
"C","C-026","C-026-WN-6.4-0.4",NA,"L","PIPO","WN",6.4,0.4,2.1,2.3,0.9,NA
"C","C-026","C-026-WN-7.7-4.9","16","L","PIPO","WN",7.7,4.9,104,43.4,16.8,NA
"C","C-026","C-026-WS-13.8-3.5",NA,"L","CADE","WS",13.8,3.5,22.9,7.2,3.4,NA
"C","C-026","C-026-WS-10.18-1.89",NA,"L","ABCO","WS",10.18,1.89,11.8,6.8,2.4,NA
"C","C-026","C-026-WS-10.83-2.89","31","L","ABCO","WS",10.83,2.89,16,8.9,2.6,NA
"C","C-026","C-026-ES-11.4-0.8","23","L","ABCO","ES",11.4,0.8,22.1,10.6,4,NA
"C","C-026","C-026-ES-11.1-1.2","100","L","CADE","ES",11.1,1.2,56.8,22.4,8.6,NA
"C","C-026","C-026-EN-13.7-4.6",NA,"L","CADE","EN",13.7,4.6,67.8,30,11.4,NA
"C","C-026","C-026-EN-10.1-0.8",NA,"L","ABCO","EN",10.1,0.8,3.7,2.8,0.9,NA
"C","C-026","C-026-EN-8.8-2.13","5","L","PSME","EN",8.8,2.13,52.3,30.7,12.6,NA
"C","C-026","C-026-EN-6.4-0.9",NA,"L","ABCO","EN",6.4,0.9,7.4,4.2,1.3,NA
"C","C-026","C-026-EN-5.4-0.6","6","L","CADE","EN",5.4,0.6,71.7,27.3,10.1,NA
"C","C-011","C-011-SW-3.4-2.2","12","L","CADE","SW",3.4,2.2,55.1,26.3,8.3,NA
"C","C-011","C-011-SW-4.7-3.5","1023","L","PSME","SW",4.7,3.5,12.3,11.8,8.9,NA
"C","C-011","C-011-SW-4.8-5","1024","L","CADE","SW",4.8,5,15.9,7.2,3.6,NA
"C","C-011","C-011-SW-6.4-0.1",NA,"L","ABCO","SW",6.4,0.1,5.2,4.7,3.8,NA
"C","C-011","C-011-SW-9.2-1.7","1021","L","PSME","SW",9.2,1.7,14.2,11.1,5.9,NA
"C","C-011","C-011-SW-10.8-0.4",NA,"D","ABCO","SW",10.8,0.4,4.4,3.8,NA,"1"
"C","C-011","C-011-SW-11.4-1.4","1002","L","CADE","SW",11.4,1.4,19.7,10.6,5.6,NA
"C","C-011","C-011-SW-12.7-2.4","3380","L","ABCO","SW",12.7,2.4,12.3,9.1,5.9,NA
"C","C-011","C-011-SE-12.8-0.5",NA,"L","ABCO","SE",12.8,0.5,4.3,3,2.4,NA
"C","C-011","C-011-SE-13.1-4.2","3377","L","PSME","SE",13.1,4.2,16.6,9.3,3.8,NA
"C","C-011","C-011-SE-11.4-3.6","3376","L","ABCO","SE",11.4,3.6,12.2,6,3.2,NA
"C","C-011","C-011-SE-11-0.8",NA,"D","ABCO","SE",11,0.8,3.5,4.2,NA,"1"
"C","C-011","C-011-SE-9.8-0.5",NA,"L","PSME","SE",9.8,0.5,4,4.3,3.4,NA
"C","C-011","C-011-SE-9.6-0.6",NA,"L","PSME","SE",9.6,0.6,7.6,7.3,3.6,NA
"C","C-011","C-011-SE-9.5-0.9",NA,"L","PSME","SE",9.5,0.9,3,3.8,2.1,NA
"C","C-011","C-011-SE-7-0.7","1020","L","PSME","SE",7,0.7,16.3,11.4,5.4,NA
"C","C-011","C-011-SE-6.4-3.9","1019","L","PSME","SE",6.4,3.9,20.4,14.5,3.5,NA
"C","C-011","C-011-SE-4.9-0.3",NA,"L","ABCO","SE",4.9,0.3,2.8,2.3,2.1,NA
"C","C-011","C-011-SE-3.5-2.8","999","L","PSME","SE",3.5,2.8,35,21.7,7.3,NA
"C","C-011","C-011-SE-1.2-2.7","997","L","CADE","SE",1.2,2.7,20.7,13.3,7.3,NA
"C","C-011","C-011-SE-1.2-2.9","998","D","CADE","SE",1.2,2.9,13.2,4.8,NA,"1"
"C","C-011","C-011-NE-1.5-1.7",NA,"D","CADE","NE",1.5,1.7,11.4,5,NA,"1"
"C","C-011","C-011-NE-1.8-1.5",NA,"L","CADE","NE",1.8,1.5,36.7,20.3,10.7,NA
"C","C-011","C-011-NE-2.2-1.8","66","L","CADE","NE",2.2,1.8,25.4,17.7,7.6,NA
"C","C-011","C-011-NE-7.9-1.9","40","L","PSME","NE",7.9,1.9,56.4,28.2,10,NA
"C","C-011","C-011-NE-8.3-4.3","1003","L","CADE","NE",8.3,4.3,22,9.7,7.3,NA
"C","C-011","C-011-NE-9.4-1.28","1516","D","PSME","NE",9.4,1.28,26.9,1.8,NA,"2"
"C","C-011","C-011-NE-10.5-2.7","23","L","CADE","NE",10.5,2.7,20.3,9.1,5.7,NA
"C","C-011","C-011-WS-14.9-3.89","1934","L","ABCO","WS",14.9,3.89,16.5,8.9,5.6,NA
"C","C-011","C-011-WS-9.8-0.7","980","L","CADE","WS",9.8,0.7,50.8,23.5,11.4,NA
"C","C-011","C-011-WS-10.1-2.2","979","L","CADE","WS",10.1,2.2,26.8,10.6,7.9,NA
"C","C-011","C-011-WS-9.2-2.1","3373","L","PSME","WS",9.2,2.1,18.4,10.5,3.8,NA
"C","C-011","C-011-WS-8.5-0.7",NA,"D","PSME","WS",8.5,0.7,9.5,3.7,NA,"1"
"C","C-011","C-011-WS-5.2-4.4","1024","L","CADE","WS",5.2,4.4,15.8,6.9,3.6,NA
"C","C-011","C-011-WS-4.8-3.3","1025","L","PSME","WS",4.8,3.3,13.3,7,5,NA
"C","C-011","C-011-ES-3.5-0.3",NA,"L","PSME","ES",3.5,0.3,7,4.2,2.7,NA
"C","C-011","C-011-ES-3.9-0.8",NA,"L","PSME","ES",3.9,0.8,2,2.2,1.6,NA
"C","C-011","C-011-ES-3.9-0.9",NA,"L","PSME","ES",3.9,0.9,1.1,2,1.3,NA
"C","C-011","C-011-ES-10-0.5","4","D","CADE","ES",10,0.5,17.9,5,NA,"2"
"C","C-011","C-011-ES-14.1-0.8",NA,"L","PSME","ES",14.1,0.8,2.1,2.1,1.1,NA
"C","C-011","C-011-ES-15-5","3354","L","CADE","ES",15,5,44.3,22.6,7.2,NA
"C","C-011","C-011-EN-13.9-1","1611","L","CADE","EN",13.9,1,19.5,9.6,4.8,NA
"C","C-011","C-011-EN-13.2-0.6",NA,"L","PSME","EN",13.2,0.6,6.8,4,1.2,NA
"C","C-011","C-011-EN-2.4-0.5",NA,"L","PSME","EN",2.4,0.5,4.7,4.2,3,NA
"C","C-011","C-011-WN-8.1-3.6","3372","L","PIPO","WN",8.1,3.6,88.9,48.4,17.3,NA
"C","C-010","C-010-NE-7.6-1.4","1160","L","ABCO","NE",7.6,1.4,64.5,28.8,16.6,NA
"C","C-010","C-010-NE-5.9-0.9","3304","L","CADE","NE",5.9,0.9,27.5,9.9,5.8,NA
"C","C-010","C-010-SE-2.9-1",NA,"L","PSME","SE",2.9,1,1.6,2,1.1,NA
"C","C-010","C-010-SE-4.6-1",NA,"L","ABCO","SE",4.6,1,5.8,3.1,1.5,NA
"C","C-010","C-010-SE-5.6-2.7","12","L","CADE","SE",5.6,2.7,53.2,26.9,8.3,NA
"C","C-010","C-010-SW-10.2-1.2","15","L","PSME","SW",10.2,1.2,78,37.7,15.7,NA
"C","C-010","C-010-SW-7.6-2.2","16","L","CADE","SW",7.6,2.2,25.2,11.6,6.8,NA
"C","C-010","C-010-SW-7-3.7","20","D","CADE","SW",7,3.7,15.3,6.7,NA,"1"
"C","C-010","C-010-SW-6.4-2.9","19","L","PSME","SW",6.4,2.9,27.3,14.4,8.7,NA
"C","C-010","C-010-SW-6.5-2.4","17","L","CADE","SW",6.5,2.4,25.2,8.5,5.4,NA
"C","C-010","C-010-SW-6.2-2.5","18","L","CADE","SW",6.2,2.5,34.1,17.4,9.8,NA
"C","C-010","C-010-SW-3.4-0",NA,"L","ABCO","SW",3.4,0,2.3,2.1,1.1,NA
"C","C-010","C-010-SW-3.2-0.6",NA,"L","PSME","SW",3.2,0.6,2,2.2,1,NA
"C","C-010","C-010-NW-2.7-4.8","1959","L","PSME","NW",2.7,4.8,17.7,9.1,2.6,NA
"C","C-010","C-010-NW-4.5-7","22","L","CADE","NW",4.5,7,19,8.7,6.2,NA
"C","C-010","C-010-NW-7.1-2.4","1158","L","CADE","NW",7.1,2.4,24.5,14,11,NA
"C","C-010","C-010-NW-7.4-1.2","24","L","PIPO","NW",7.4,1.2,100.5,50.9,16.7,NA
"C","C-010","C-010-WS-13.6-3.7",NA,"L","ABCO","WS",13.6,3.7,36.2,18.7,10.5,NA
"C","C-010","C-010-WS-12.3-4.2","3309","L","PSME","WS",12.3,4.2,12.1,7.7,4.4,NA
"C","C-010","C-010-WS-11.9-1",NA,"L","ABCO","WS",11.9,1,8.5,4.2,2,NA
"C","C-010","C-010-WS-4.7-0.8",NA,"L","PSME","WS",4.7,0.8,2.3,2.4,0.9,NA
"C","C-010","C-010-WS-3.8-0.9",NA,"L","ABCO","WS",3.8,0.9,4.4,2.8,1.6,NA
"C","C-010","C-010-ES-7.9-0.9",NA,"L","ABCO","ES",7.9,0.9,3.5,2.7,0.8,NA
"C","C-010","C-010-ES-13.5-4.5",NA,"L","CADE","ES",13.5,4.5,22.4,14.2,11.2,NA
"C","C-010","C-010-EN-12.5-4.7","3305","L","CADE","EN",12.5,4.7,21,10.2,3.9,NA
"C","C-010","C-010-EN-9.8-0.9",NA,"L","ABCO","EN",9.8,0.9,1,1.6,0.4,NA
"C","C-010","C-010-EN-9.2-0.8",NA,"L","ABCO","EN",9.2,0.8,0.5,1.4,0.5,NA
"C","C-010","C-010-EN-6.4-1.4","3303","L","PSME","EN",6.4,1.4,13.5,7.4,1.2,NA
"C","C-010","C-010-WN-5-3.5","21","L","CADE","WN",5,3.5,42.1,23.5,5.2,NA
"C","C-010","C-010-WN-4.9-0.5",NA,"L","PSME","WN",4.9,0.5,3.6,2.7,1.1,NA
"C","C-010","C-010-WN-8.2-0.7",NA,"L","PIPO","WN",8.2,0.7,4.4,4,2,NA
"C","C-025","C-025-NW-9.2-0.5",NA,"D","CADE","NW",9.2,0.5,1,1.4,NA,"1"
"C","C-025","C-025-NW-8.6-3.1","12","L","CADE","NW",8.6,3.1,27.9,14.7,5.7,NA
"C","C-025","C-025-NW-8.2-4.7",NA,"L","ABCO","NW",8.2,4.7,13.2,10.2,4.4,NA
"C","C-025","C-025-NW-5.3-2.4","24","L","ABCO","NW",5.3,2.4,20.5,12.4,4.6,NA
"C","C-025","C-025-NW-2.4-0.5",NA,"L","PSME","NW",2.4,0.5,0.9,1.7,0.3,NA
"C","C-025","C-025-NW-2-0.5","16","L","CADE","NW",2,0.5,6.1,2.9,2.1,NA
"C","C-025","C-025-SW-1-2.9","15","L","ABCO","SW",1,2.9,25.3,14.3,4,NA
"C","C-025","C-025-SW-6.5-0.2",NA,"L","CADE","SW",6.5,0.2,11.9,6.8,4.4,NA
"C","C-025","C-025-SE-11.4-3.3",NA,"L","CADE","SE",11.4,3.3,18.9,6.9,2.1,NA
"C","C-025","C-025-SE-10.5-2.4","23","L","ABCO","SE",10.5,2.4,30.8,16,4,NA
"C","C-025","C-025-SE-6.4-2.4","7","L","PSME","SE",6.4,2.4,43.7,30,4.5,NA
"C","C-025","C-025-SE-6.1-0.4",NA,"L","CADE","SE",6.1,0.4,9.1,5.6,3.5,NA
"C","C-025","C-025-SE-3-1.2","14","L","CADE","SE",3,1.2,19.8,10.5,4.1,NA
"C","C-025","C-025-NE-3.4-2.9","20","L","ABCO","NE",3.4,2.9,24.4,11.8,5.1,NA
"C","C-025","C-025-NE-4.5-4.3","2","L","PIPO","NE",4.5,4.3,91.2,43.2,10.9,NA
"C","C-025","C-025-NE-4.7-2.6","18","L","ABCO","NE",4.7,2.6,17.5,11.5,5.5,NA
"C","C-025","C-025-NE-5.8-3.6","19","L","PSME","NE",5.8,3.6,21.6,16.1,5.9,NA
"C","C-025","C-025-NE-5.6-0.1",NA,"L","ABCO","NE",5.6,0.1,3.3,2,1.1,NA
"C","C-025","C-025-NE-6.5-4.7","32","L","PILA","NE",6.5,4.7,12.9,8.5,3.8,NA
"C","C-025","C-025-WN-12-0.9",NA,"L","CADE","WN",12,0.9,32.9,15.5,3.7,NA
"C","C-025","C-025-EN-2.8-0.5","25","L","PSME","EN",2.8,0.5,9.3,7.5,4.2,NA
"C","C-025","C-025-EN-6.8-4.6","21","L","PILA","EN",6.8,4.6,19.8,12.8,3.8,NA
"C","C-025","C-025-EN-6.9-0.2",NA,"L","QUKE","EN",6.9,0.2,1.5,1.8,0.9,NA
"C","C-025","C-025-EN-11.8-0.8",NA,"L","PSME","EN",11.8,0.8,2.4,2.6,0.6,NA
"C","C-025","C-025-ES-11-1.1","5","L","PIPO","ES",11,1.1,45.5,28.8,6.8,NA
"C","C-025","C-025-ES-7.8-3.9","34","L","ABCO","ES",7.8,3.9,13.1,9.8,4,NA
"C","C-025","C-025-ES-7-4.2","33","L","ABCO","ES",7,4.2,13.7,9,4.8,NA
"C","C-025","C-025-ES-6.8-2.3","26","L","CADE","ES",6.8,2.3,16.1,7.9,2.4,NA
"C","C-025","C-025-WS-12-0.6",NA,"L","CADE","WS",12,0.6,27.2,15.3,4.3,NA
"C","C-025","C-025-WS-12.7-3.6",NA,"L","CADE","WS",12.7,3.6,47.6,22.2,5.2,NA
"C","C-022","C-022-NW-6.5-0.4","3","L","QUKE","NW",6.5,0.4,99.4,29.9,8.7,NA
"C","C-022","C-022-NW-3.5-3.1","35","L","ABCO","NW",3.5,3.1,18.4,11.6,6,NA
"C","C-022","C-022-NW-2.3-2.8","34","L","ABCO","NW",2.3,2.8,29.5,16.8,8.2,NA
"C","C-022","C-022-NW-1.7-4.9","32","D","PIPO","NW",1.7,4.9,17,7.1,NA,"2"
"C","C-022","C-022-SW-0.8-1.5","45","L","ABCO","SW",0.8,1.5,22.7,13.3,6,NA
"C","C-022","C-022-SW-1.3-3.6","89","L","ABCO","SW",1.3,3.6,14,8.5,5,NA
"C","C-022","C-022-SW-5.6-1.5","52","L","CADE","SW",5.6,1.5,24.5,12.3,5,NA
"C","C-022","C-022-SW-5.8-0.8","66","L","ABCO","SW",5.8,0.8,13.7,6.8,2.8,NA
"C","C-022","C-022-SW-7.3-0.3",NA,"L","ABCO","SW",7.3,0.3,10.8,5.3,3.6,NA
"C","C-022","C-022-SW-9.4-4.8","62","D","ABCO","SW",9.4,4.8,14.5,7.6,NA,"1"
"C","C-022","C-022-SW-9.6-0.2",NA,"L","A","SW",9.6,0.2,11.2,5.3,3,NA
"C","C-022","C-022-SW-11.6-2.8",NA,"L","CADE","SW",11.6,2.8,16.1,7.4,4.3,NA
"C","C-022","C-022-SW-12.9-4.3",NA,"L","PIPO","SW",12.9,4.3,15,9.2,6,NA
"C","C-022","C-022-SW-13.9-0.2",NA,"L","ABCO","SW",13.9,0.2,5.4,3.2,1.3,NA
"C","C-022","C-022-SW-14-0.7",NA,"L","PIPO","SW",14,0.7,20.7,9.3,6.5,NA
"C","C-022","C-022-SW-14.5-1.1",NA,"L","PIPO","SW",14.5,1.1,40.6,22.1,9.1,NA
"C","C-022","C-022-SW-14.4-2.8",NA,"L","CADE","SW",14.4,2.8,18.4,7.6,3.4,NA
"C","C-022","C-022-SE-14.4-0.4",NA,"L","NODE","SE",14.4,0.4,6.2,4.6,0.8,NA
"C","C-022","C-022-SE-13.5-0.9",NA,"L","PSME","SE",13.5,0.9,3.6,3,1.9,NA
"C","C-022","C-022-SE-13-0.8",NA,"L","ABCO","SE",13,0.8,3.5,2.5,1.9,NA
"C","C-022","C-022-SE-13.1-0.2",NA,"L","NODE","SE",13.1,0.2,5.8,4.6,0.5,NA
"C","C-022","C-022-SE-11.8-2.8",NA,"L","QUKE","SE",11.8,2.8,82.2,24.1,6.3,NA
"C","C-022","C-022-SE-10.7-0.8",NA,"L","NODE","SE",10.7,0.8,4.6,4.5,1,NA
"C","C-022","C-022-SE-9.2-0.5",NA,"L","CADE","SE",9.2,0.5,11.8,5.2,2.9,NA
"C","C-022","C-022-SE-8.4-3.6","61","L","ABCO","SE",8.4,3.6,19.9,11.3,3.1,NA
"C","C-022","C-022-SE-4.6-0.8",NA,"L","CADE","SE",4.6,0.8,33.5,12.6,3.7,NA
"C","C-022","C-022-SE-5-4.3","60","L","ABCO","SE",5,4.3,19.7,9.7,1.6,NA
"C","C-022","C-022-SE-2.6-2.4","50","L","CADE","SE",2.6,2.4,15.5,9.1,4.1,NA
"C","C-022","C-022-SE-2.3-2.8","41","L","CADE","SE",2.3,2.8,16,5.5,3.2,NA
"C","C-022","C-022-SE-0.2-2.4","40","L","CADE","SE",0.2,2.4,29.6,12.6,4.3,NA
"C","C-022","C-022-NE-1.1-0.9","38","L","ABCO","NE",1.1,0.9,15,8.7,5.6,NA
"C","C-022","C-022-NE-12.3-1.3",NA,"L","ABCO","NE",12.3,1.3,74.4,30.4,6.7,NA
"C","C-022","C-022-NE-12.6-4",NA,"L","CADE","NE",12.6,4,19.3,9.2,3.9,NA
"C","C-022","C-022-NE-13.1-1",NA,"L","PSME","NE",13.1,1,5.8,3.9,2.2,NA
"C","C-022","C-022-WN-7.7-0.3",NA,"L","ABCO","WN",7.7,0.3,6.2,3.5,1.1,NA
"C","C-022","C-022-EN-11.7-4.6",NA,"L","PSME","EN",11.7,4.6,38.8,20.6,3.7,NA
"C","C-022","C-022-ES-12.8-3.8",NA,"L","PSME","ES",12.8,3.8,11.8,8.2,2.1,NA
"C","C-022","C-022-ES-11.2-4.9",NA,"L","NODE","ES",11.2,4.9,12.3,9.1,1.2,NA
"C","C-022","C-022-ES-8-1.8","59","L","PSME","ES",8,1.8,25.2,15.3,2.8,NA
"C","C-022","C-022-ES-7.9-4.3","12","D","CADE","ES",7.9,4.3,29.3,11.6,NA,"2"
"C","C-022","C-022-WS-5.5-2.6","67","L","ABCO","WS",5.5,2.6,12.8,7.3,2.3,NA
"C","C-022","C-022-WS-7.7-0.9","27","D","PIPO","WS",7.7,0.9,22.1,8.6,NA,"2"
"C","C-022","C-022-WS-7.8-1.4","24","L","ABCO","WS",7.8,1.4,23.3,13.5,4.7,NA
"C","C-022","C-022-WS-8.7-0.8","28","L","PILA","WS",8.7,0.8,99.6,41.9,19.2,NA
"C","C-022","C-022-WS-9.6-0.5",NA,"L","ABCO","WS",9.6,0.5,13.2,7.4,3.6,NA
"C","C-022","C-022-WS-10.4-1.3","25","L","ABCO","WS",10.4,1.3,29.9,17.3,4.3,NA
"C","C-022","C-022-WS-12.4-1.9",NA,"L","CADE","WS",12.4,1.9,22.4,8.9,1.8,NA
"B","B-016","B-016-SE-3.2-0.8",NA,"L","PIPO","SE",3.2,0.8,1.4,1.7,0.8,NA
"B","B-016","B-016-SE-3.3-0.6",NA,"L","PIPO","SE",3.3,0.6,0.7,1.4,0.2,NA
"B","B-016","B-016-NE-3.1-0.2",NA,"L","PIPO","NE",3.1,0.2,0.9,1.6,0.8,NA
"B","B-016","B-016-NE-6.6-0.5",NA,"L","PILA","NE",6.6,0.5,0.5,1.5,0.6,NA
"B","B-016","B-016-NE-7-0.4",NA,"L","PSME","NE",7,0.4,3,2.8,1.1,NA
"B","B-016","B-016-NE-7.6-0.9",NA,"L","PILA","NE",7.6,0.9,0.6,1.6,0.7,NA
"B","B-016","B-016-NE-8.7-0.7",NA,"L","ABCO","NE",8.7,0.7,1.9,2.2,0.7,NA
"B","B-016","B-016-NE-9.8-0.3",NA,"D","PSME","NE",9.8,0.3,8.6,2,NA,"2"
"B","B-016","B-016-NE-10.3-0.1",NA,"L","PSME","NE",10.3,0.1,3.1,3.9,2.6,NA
"B","B-016","B-016-NE-10.5-0.5",NA,"L","ABCO","NE",10.5,0.5,4.9,4.3,2,NA
"B","B-016","B-016-NE-11.1-0.3",NA,"L","PSME","NE",11.1,0.3,11.7,6.6,2.8,NA
"B","B-016","B-016-NE-12-0",NA,"L","PSME","NE",12,0,12,9.8,4.2,NA
"B","B-016","B-016-NE-13.1-0.2",NA,"L","ABCO","NE",13.1,0.2,13.3,10.8,3.1,NA
"B","B-016","B-016-NE-13-1.5",NA,"L","PSME","NE",13,1.5,15.7,11.2,3.6,NA
"B","B-016","B-016-NE-4.9-4.2","1","L","CADE","NE",4.9,4.2,38.8,18.9,5.1,NA
"B","B-016","B-016-NE-3.8-5","2","L","CADE","NE",3.8,5,26,12.8,9,NA
"B","B-016","B-016-NE-3.5-3.9",NA,"L","ABCO","NE",3.5,3.9,11.5,7,1.5,NA
"B","B-016","B-016-NW-12.7-2.8",NA,"L","CADE","NW",12.7,2.8,34.9,18.5,4.8,NA
"B","B-016","B-016-NW-9.6-2.8","49","L","PSME","NW",9.6,2.8,22.4,14.3,3.5,NA
"B","B-016","B-016-NW-8.8-3.5","37","L","CADE","NW",8.8,3.5,57.5,25.7,9.6,NA
"B","B-016","B-016-NW-9.5-0.6",NA,"L","PSME","NW",9.5,0.6,3.7,3,1.3,NA
"B","B-016","B-016-NW-8.9-0.5",NA,"L","ABCO","NW",8.9,0.5,4.3,3.2,1.8,NA
"B","B-016","B-016-NW-7.9-0.9",NA,"L","ABCO","NW",7.9,0.9,4.7,3.4,1.9,NA
"B","B-016","B-016-NW-7.9-0.6",NA,"L","ABCO","NW",7.9,0.6,3.2,2.6,1.5,NA
"B","B-016","B-016-NW-7.3-1",NA,"L","ABCO","NW",7.3,1,3.1,2.6,1.5,NA
"B","B-016","B-016-NW-4.5-0.6",NA,"L","PIPO","NW",4.5,0.6,4.4,3.8,1.3,NA
"B","B-016","B-016-SW-2.3-0.7",NA,"L","PIPO","SW",2.3,0.7,5,2.9,1.6,NA
"B","B-016","B-016-SW-2.4-0.6",NA,"L","CADE","SW",2.4,0.6,2.7,2.2,0.9,NA
"B","B-016","B-016-SW-3.6-0.9",NA,"L","PILA","SW",3.6,0.9,5.4,3.2,0.7,NA
"B","B-016","B-016-SW-3.6-0.9",NA,"L","CADE","SW",3.6,0.9,0.4,1.4,0.5,NA
"B","B-016","B-016-SW-3.8-0.9",NA,"L","PIPO","SW",3.8,0.9,1.9,2.5,1.1,NA
"B","B-016","B-016-SW-4-0.7",NA,"L","PIPO","SW",4,0.7,0.7,1.6,0.6,NA
"B","B-016","B-016-SW-4.8-0.4",NA,"L","PILA","SW",4.8,0.4,5.1,2.2,0.8,NA
"B","B-016","B-016-SW-4.8-0.4",NA,"L","PILA","SW",4.8,0.4,3.7,2.2,0.7,NA
"B","B-016","B-016-SW-14.5-0.9",NA,"L","PIPO","SW",14.5,0.9,2.6,2.3,1.4,NA
"B","B-016","B-016-ES-3.4-0.6",NA,"D","PILA","ES",3.4,0.6,0.5,1.4,NA,"1"
"B","B-016","B-016-ES-15-0.3",NA,"L","PILA","ES",15,0.3,2.8,1.7,0.7,NA
"B","B-016","B-016-EN-6.9-2.7","41","L","PSME","EN",6.9,2.7,19,13.9,6,NA
"B","B-016","B-016-EN-6.7-1.7","51","L","PSME","EN",6.7,1.7,13.8,9.8,3.5,NA
"B","B-016","B-016-EN-5.5-3.2","50","L","ABCO","EN",5.5,3.2,14.7,9.2,4.6,NA
"B","B-016","B-016-EN-1-0.2",NA,"D","PIPO","EN",1,0.2,5.2,1.5,NA,"2"
"B","B-016","B-016-WN-1.5-0.4",NA,"L","ABCO","WN",1.5,0.4,0.6,1.6,0.5,NA
"B","B-016","B-016-WN-1.7-0.3",NA,"L","PIPO","WN",1.7,0.3,1.4,1.7,1.4,NA
"B","B-016","B-016-WN-2.3-0.8",NA,"L","PIPO","WN",2.3,0.8,2.3,2.1,1.5,NA
"B","B-016","B-016-WN-6.4-0.8",NA,"L","PIPO","WN",6.4,0.8,1.2,1.5,0.3,NA
"B","B-016","B-016-WN-14.1-2.9",NA,"D","CADE","WN",14.1,2.9,16.2,6.8,NA,"2"
"B","B-016","B-016-WN-14.6-2.3",NA,"L","CADE","WN",14.6,2.3,16.5,8.7,6.7,NA
"B","B-016","B-016-WN-14.5-2.9",NA,"L","CADE","WN",14.5,2.9,25,8.1,5,NA
"B","B-016","B-016-WS-13.8-0.5",NA,"L","CADE","WS",13.8,0.5,36.9,12.1,5.3,NA
"B","B-016","B-016-WS-13.5-0.5",NA,"D","CADE","WS",13.5,0.5,29.6,1.9,NA,"2"
"B","B-016","B-016-WS-13.4-4.3",NA,"D","U","WS",13.4,4.3,99,3.8,NA,"4"
"B","B-016","B-016-WS-12.2-0.3",NA,"L","CADE","WS",12.2,0.3,25.5,10.4,5.2,NA
"B","B-016","B-016-WS-12.6-1.1",NA,"L","PSME","WS",12.6,1.1,17,6.6,1.9,NA
"B","B-010","B-010-NE-1.7-1.7","1","L","PIPO","NE",1.7,1.7,89.5,46.2,10.3,NA
"B","B-010","B-010-NE-6.7-0.6",NA,"L","PSME","NE",6.7,0.6,2.6,2.7,1.5,NA
"B","B-010","B-010-NE-7.6-1.7","20","L","PSME","NE",7.6,1.7,17.6,13.8,5.7,NA
"B","B-010","B-010-NE-11.4-2.6",NA,"L","PSME","NE",11.4,2.6,26,14.8,3.9,NA
"B","B-010","B-010-NE-12.7-0.9",NA,"L","CADE","NE",12.7,0.9,0.8,1.6,1,NA
"B","B-010","B-010-NE-14.6-0.5",NA,"L","PSME","NE",14.6,0.5,5.9,4.5,1.3,NA
"B","B-010","B-010-NW-14.8-2",NA,"L","CADE","NW",14.8,2,17.2,10,6.4,NA
"B","B-010","B-010-NW-14.4-3.3",NA,"L","PILA","NW",14.4,3.3,116.7,45.3,16.1,NA
"B","B-010","B-010-NW-9.3-2.8",NA,"L","PSME","NW",9.3,2.8,11.5,8.5,4.6,NA
"B","B-010","B-010-NW-8.6-3.4","14","L","CADE","NW",8.6,3.4,42.2,21.8,9.4,NA
"B","B-010","B-010-NW-8.8-0.6",NA,"L","PSME","NW",8.8,0.6,3.8,1.8,1.3,NA
"B","B-010","B-010-NW-5.2-0.2","17","L","PSME","NW",5.2,0.2,21.9,15,2.4,NA
"B","B-010","B-010-SW-5.2-0.5",NA,"L","ABCO","SW",5.2,0.5,2.3,2.2,1.5,NA
"B","B-010","B-010-SW-7.5-4","10","L","PIPO","SW",7.5,4,98.2,46,12.1,NA
"B","B-010","B-010-WN-12.9-3.98",NA,"D","U","WN",12.9,3.98,66,5.9,NA,"3"
"B","B-010","B-010-WN-11.4-1.5","16","L","CADE","WN",11.4,1.5,22.1,7,6.9,NA
"B","B-010","B-010-WN-8.4-3.4","13","L","CADE","WN",8.4,3.4,21.3,10.3,8,NA
"B","B-010","B-010-WN-6.5-1.6","7","L","CADE","WN",6.5,1.6,30.9,15.1,6.4,NA
"B","B-010","B-010-EN-11.7-0.7",NA,"L","NODE","EN",11.7,0.7,4.5,3.5,0.5,NA
"B","B-010","B-010-EN-12.2-0.4",NA,"L","QUKE","EN",12.2,0.4,1.5,2.6,0.9,NA
"B","B-010","B-010-EN-13.1-0.3",NA,"L","CADE","EN",13.1,0.3,36.1,18.1,6.5,NA
"B","B-010","B-010-ES-14-0.7",NA,"L","QUKE","ES",14,0.7,1.5,2.6,1.3,NA
"B","B-010","B-010-WS-9.1-0.1",NA,"L","PILA","WS",9.1,0.1,1.7,1.8,1.2,NA
"B","B-010","B-010-WS-10.7-0.5",NA,"L","PSME","WS",10.7,0.5,1.4,1.7,0.6,NA
"B","B-010","B-010-WS-11.3-0.8",NA,"L","ABCO","WS",11.3,0.8,4,2.9,1.8,NA
"B","B-010","B-010-WS-12-0.8",NA,"L","ABCO","WS",12,0.8,2.1,2.2,0.6,NA
"B","B-010","B-010-WS-12-0.6",NA,"L","PSME","WS",12,0.6,1.4,1.6,1,NA
"B","B-010","B-010-WS-12.1-1.4",NA,"L","PSME","WS",12.1,1.4,30.9,21.2,7.2,NA
"B","B-010","B-010-WS-13.8-0.1",NA,"L","ABCO","WS",13.8,0.1,3.1,2.5,1,NA
"B","B-026","B-026-NE-2-0.7",NA,"L","QUKE","NE",2,0.7,1.9,2.2,0.5,NA
"B","B-026","B-026-NE-2.7-0.9",NA,"L","QUKE","NE",2.7,0.9,1.2,1.8,0.9,NA
"B","B-026","B-026-NE-2.9-2.1","2","L","CADE","NE",2.9,2.1,56.5,19.7,2.6,NA
"B","B-026","B-026-NE-4.4-0.7",NA,"L","ABCO","NE",4.4,0.7,1.2,1.9,0.3,NA
"B","B-026","B-026-NE-4.6-0.5",NA,"L","ABCO","NE",4.6,0.5,0.6,1.6,0.5,NA
"B","B-026","B-026-NE-4.9-0.4",NA,"L","ABCO","NE",4.9,0.4,1.4,1.9,0.4,NA
"B","B-026","B-026-NE-5.2-0.2",NA,"L","ABCO","NE",5.2,0.2,1.7,1.9,0.4,NA
"B","B-026","B-026-NE-5.5-1",NA,"L","ABCO","NE",5.5,1,0.7,1.6,0.4,NA
"B","B-026","B-026-NE-6.1-0.8",NA,"L","ABCO","NE",6.1,0.8,0.5,1.5,0.5,NA
"B","B-026","B-026-NE-9.5-0.3",NA,"L","ABCO","NE",9.5,0.3,0.8,1.6,0.3,NA
"B","B-026","B-026-NW-12.2-0.2",NA,"L","PSME","NW",12.2,0.2,28.1,16.9,4.4,NA
"B","B-026","B-026-NW-10-0.9",NA,"L","ABCO","NW",10,0.9,1.1,1.6,0.5,NA
"B","B-026","B-026-NW-9.7-0.5",NA,"L","ABCO","NW",9.7,0.5,0.7,1.6,0.6,NA
"B","B-026","B-026-NW-9.6-0.7",NA,"L","ABCO","NW",9.6,0.7,1.6,1.8,0.4,NA
"B","B-026","B-026-NW-9.6-0.9",NA,"L","ABCO","NW",9.6,0.9,0.8,1.7,0.8,NA
"B","B-026","B-026-NW-9.3-0.4",NA,"L","ABCO","NW",9.3,0.4,0.6,1.6,0.5,NA
"B","B-026","B-026-NW-9.1-0.7",NA,"L","ABCO","NW",9.1,0.7,0.6,1.5,0.4,NA
"B","B-026","B-026-NW-3.6-3.7",NA,"L","PIPO","NW",3.6,3.7,57.4,26.1,6.2,NA
"B","B-026","B-026-SW-8.6-3.5","9","D","PIPO","SW",8.6,3.5,39.8,10.5,NA,"2"
"B","B-026","B-026-SW-12.2-1.42","82","D","PIPO","SW",12.2,1.42,27.5,16.9,NA,"1"
"B","B-026","B-026-WN-11.7-0.9","84","L","SEGI","WN",11.7,0.9,67.1,28.1,2,NA
"B","B-026","B-026-WN-8-0.3",NA,"D","ABCO","WN",8,0.3,1.5,1.9,NA,"1"
"B","B-026","B-026-EN-9.7-0.7",NA,"L","PSME","EN",9.7,0.7,1.1,1.8,0.5,NA
"B","B-026","B-026-EN-9.9-0.4",NA,"L","ABCO","EN",9.9,0.4,1.3,1.9,0.4,NA
"B","B-026","B-026-EN-9.9-2.6","77","D","PIPO","EN",9.9,2.6,22.1,12.6,NA,"2"
"B","B-026","B-026-EN-10.8-0.5",NA,"L","ABCO","EN",10.8,0.5,1.7,2.1,0.7,NA
"B","B-026","B-026-ES-12.8-1",NA,"L","ABCO","ES",12.8,1,0.4,1.5,0.5,NA
"B","B-026","B-026-ES-11.3-0.6",NA,"L","ABCO","ES",11.3,0.6,0.5,1.4,0.5,NA
"B","B-026","B-026-ES-9.1-1.4","80","L","ABCO","ES",9.1,1.4,19.1,13.2,3.2,NA
"B","B-026","B-026-ES-8.8-1.1","79","L","QUKE","ES",8.8,1.1,13.9,11.9,7.4,NA
"B","B-026","B-026-ES-9.2-1.7","49","L","QUKE","ES",9.2,1.7,17.6,6.4,1.2,NA
"B","B-026","B-026-ES-8.8-2.1","50","L","QUKE","ES",8.8,2.1,18.8,10.5,6.7,NA
"B","B-026","B-026-ES-8.6-2.5","52","L","QUKE","ES",8.6,2.5,15.4,14.1,1.9,NA
"B","B-026","B-026-ES-8.4-2","51","L","QUKE","ES",8.4,2,16.6,7.1,4.2,NA
"B","B-026","B-026-ES-8-1.5","5","L","QUKE","ES",8,1.5,17.6,13.3,4.1,NA
"B","B-026","B-026-ES-8.2-1","78","L","QUKE","ES",8.2,1,12.9,6.1,1.4,NA
"B","B-026","B-026-ES-4.6-0.3",NA,"L","PIPO","ES",4.6,0.3,1.7,2.1,0.9,NA
"B","B-026","B-026-ES-6.2-2.8",NA,"D","PIPO","ES",6.2,2.8,30.3,2.7,NA,"3"
"B","B-026","B-026-ES-8.7-0.2",NA,"L","ABCO","ES",8.7,0.2,0.3,1.4,0.3,NA
"B","B-026","B-026-ES-8.7-1",NA,"L","ABCO","ES",8.7,1,2.2,2.2,0.3,NA
"B","B-026","B-026-ES-10.1-0.3",NA,"L","ABCO","ES",10.1,0.3,0.5,1.5,0.5,NA
"B","B-026","B-026-ES-10.2-3","83","L","CADE","ES",10.2,3,27.8,13.7,2.2,NA
"B","B-026","B-026-ES-11.4-1",NA,"L","ABCO","ES",11.4,1,0.3,1.4,0.4,NA
"B","B-013","B-013-NE-0.7-1.9","30","L","PSME","NE",0.7,1.9,16.9,11.1,5.9,NA
"B","B-013","B-013-SE-5.7-2","31","D","ABCO","SE",5.7,2,20.2,1.6,NA,"3"
"B","B-013","B-013-SE-7.4-3.2","45","L","ABCO","SE",7.4,3.2,14,8.7,4.4,NA
"B","B-013","B-013-SE-12.9-3.9",NA,"L","CADE","SE",12.9,3.9,29.6,15.5,6.3,NA
"B","B-013","B-013-SE-13.9-0.4",NA,"L","PILA","SE",13.9,0.4,0.7,1.6,0.5,NA
"B","B-013","B-013-SW-15-3.1",NA,"L","CADE","SW",15,3.1,16.9,10.7,6.9,NA
"B","B-013","B-013-SW-13.6-2.6",NA,"L","PSME","SW",13.6,2.6,21.7,15.1,6.8,NA
"B","B-013","B-013-SW-11.1-1.6",NA,"L","PSME","SW",11.1,1.6,11.4,7.7,2.7,NA
"B","B-013","B-013-SW-9.5-2.1","46","L","ABCO","SW",9.5,2.1,15.4,7.9,2.7,NA
"B","B-013","B-013-SW-9-0.8","19","L","CADE","SW",9,0.8,24.3,12,10.4,NA
"B","B-013","B-013-SW-8.5-4.6","47","L","CADE","SW",8.5,4.6,15.1,9.4,2.3,NA
"B","B-013","B-013-SW-8.2-0.5","6","L","PSME","SW",8.2,0.5,81.2,36.6,10,NA
"B","B-013","B-013-SW-5.7-4","33","L","PSME","SW",5.7,4,23.4,17.1,5.5,NA
"B","B-013","B-013-NW-2.7-1.5","12","L","CADE","NW",2.7,1.5,52.1,22.5,6.5,NA
"B","B-013","B-013-NW-12.4-3.5",NA,"L","ABCO","NW",12.4,3.5,26.9,17.9,2.3,NA
"B","B-013","B-013-EN-1.7-0.8","35","L","ABCO","EN",1.7,0.8,9.5,5.7,1.8,NA
"B","B-013","B-013-EN-13.7-3",NA,"L","NODE","EN",13.7,3,24,8.8,1.4,NA
"B","B-013","B-013-ES-6.4-1.3","4","L","PSME","ES",6.4,1.3,57.8,32.6,7.7,NA
"B","B-013","B-013-ES-4.6-0.4",NA,"L","ABCO","ES",4.6,0.4,2.4,2.2,0.9,NA
"B","B-013","B-013-ES-3.9-0.8",NA,"L","ABCO","ES",3.9,0.8,3.5,2.6,1.1,NA
"B","B-008","B-008-NE-2.2-4.4","4","L","PILA","NE",2.2,4.4,119.2,48.3,20.4,NA
"B","B-008","B-008-NE-10.9-0.4",NA,"L","ABCO","NE",10.9,0.4,7.5,4.3,1.2,NA
"B","B-008","B-008-NE-11.2-0.2",NA,"L","CADE","NE",11.2,0.2,11.2,6.2,3.2,NA
"B","B-008","B-008-NE-11.8-0.1",NA,"L","PSME","NE",11.8,0.1,6.4,6.2,4.6,NA
"B","B-008","B-008-NE-11.9-0.7",NA,"L","PSME","NE",11.9,0.7,1.3,2.1,1,NA
"B","B-008","B-008-NE-12.7-0.6",NA,"L","PSME","NE",12.7,0.6,9.8,6.8,4.6,NA
"B","B-008","B-008-NE-13.7-0.9",NA,"D","CADE","NE",13.7,0.9,4.7,2.9,NA,"1"
"B","B-008","B-008-NE-12.7-3.8",NA,"L","CADE","NE",12.7,3.8,17.6,8.2,2.5,NA
"B","B-008","B-008-NE-13.7-3.1",NA,"L","ABCO","NE",13.7,3.1,38,23.1,9.6,NA
"B","B-008","B-008-NE-14.5-4.8",NA,"L","PILA","NE",14.5,4.8,122.3,49.3,11.7,NA
"B","B-008","B-008-NW-13.5-2",NA,"L","PSME","NW",13.5,2,27.4,17.5,5.9,NA
"B","B-008","B-008-NW-12.5-0.5",NA,"L","PIPO","NW",12.5,0.5,71,45.7,16.8,NA
"B","B-008","B-008-NW-10.4-2.8","29","D","PIPO","NW",10.4,2.8,12.6,4.4,NA,"2"
"B","B-008","B-008-NW-8.7-0.4",NA,"L","CADE","NW",8.7,0.4,5,2.6,1.1,NA
"B","B-008","B-008-NW-6.5-2.9",NA,"L","CADE","NW",6.5,2.9,11.8,5.2,1.7,NA
"B","B-008","B-008-NW-4.4-2.1","26","L","PSME","NW",4.4,2.1,29.6,20.6,8.8,NA
"B","B-008","B-008-SW-2.4-0.8",NA,"L","QUKE","SW",2.4,0.8,2,2.8,0.9,NA
"B","B-008","B-008-SW-2.4-0.7",NA,"L","QUKE","SW",2.4,0.7,0.7,1.5,0.4,NA
"B","B-008","B-008-SW-2.5-0.1",NA,"L","QUKE","SW",2.5,0.1,1.5,3.6,0.3,NA
"B","B-008","B-008-SE-2.9-0.1","56","L","QUKE","SE",2.9,0.1,2.7,3.3,1.5,NA
"B","B-008","B-008-SW-3.1-1",NA,"L","QUKE","SW",3.1,1,0.4,1.9,0.9,NA
"B","B-008","B-008-SE-2.4-0.3",NA,"L","QUKE","SE",2.4,0.3,3.2,2,0.3,NA
"B","B-008","B-008-SW-4-0.5",NA,"L","QUKE","SW",4,0.5,2,3.4,1.2,NA
"B","B-008","B-008-SW-4.6-0.4",NA,"L","QUKE","SW",4.6,0.4,0.3,1.5,0.9,NA
"B","B-008","B-008-SW-4.7-0.5",NA,"L","QUKE","SW",4.7,0.5,0.4,1.6,0.5,NA
"B","B-008","B-008-SW-9.6-0.7",NA,"L","QUKE","SW",9.6,0.7,0.5,1.8,0.4,NA
"B","B-008","B-008-SW-9.7-0.6",NA,"L","QUKE","SW",9.7,0.6,1.6,3,1,NA
"B","B-008","B-008-SW-2.2-3.17",NA,"L","ABCO","SW",2.2,3.17,11.9,7.6,4.3,NA
"B","B-008","B-008-SW-2.8-3.9","67","L","ABCO","SW",2.8,3.9,17.5,7.6,3.1,NA
"B","B-008","B-008-SW-7.4-4.4","65","L","PSME","SW",7.4,4.4,16.1,11.7,2.2,NA
"B","B-008","B-008-SE-8.3-4.2","63","L","CADE","SE",8.3,4.2,18.6,8.9,3.3,NA
"B","B-008","B-008-SE-7-4.5",NA,"L","CADE","SE",7,4.5,11.8,6,2.8,NA
"B","B-008","B-008-SE-7.1-3.1","20","L","ABCO","SE",7.1,3.1,39.5,20.3,6.2,NA
"B","B-008","B-008-SE-6.5-2.9","64","L","CADE","SE",6.5,2.9,18.7,8.1,2.8,NA
"B","B-008","B-008-SE-3.6-5","5","D","ABCO","SE",3.6,5,50.3,2.4,NA,"3"
"B","B-008","B-008-WS-8.2-2.3","49","L","PSME","WS",8.2,2.3,19.8,13.6,3.3,NA
"B","B-008","B-008-WS-6.6-3","70","L","ABCO","WS",6.6,3,17.8,12.4,4.5,NA
"B","B-008","B-008-WS-5.2-4.6","68","L","CADE","WS",5.2,4.6,14.2,6.8,3.2,NA
"B","B-008","B-008-WS-5.3-3","69","L","PSME","WS",5.3,3,16.1,13.2,5.5,NA
"B","B-008","B-008-ES-3.3-0.7",NA,"L","QUKE","ES",3.3,0.7,1.3,1.7,0.1,NA
"B","B-008","B-008-ES-6.5-0.3",NA,"L","QUKE","ES",6.5,0.3,1.8,2.6,0.1,NA
"B","B-008","B-008-EN-6.9-0.7",NA,"L","QUKE","EN",6.9,0.7,2.7,3,0.6,NA
"A","A-020","A-020-NW-13.2-0.4",NA,"D","ABCO","NW",13.2,0.4,3.7,2.3,NA,"1"
"A","A-020","A-020-NW-13.2-0.9",NA,"L","ABCO","NW",13.2,0.9,1.8,1.9,1.3,NA
"A","A-020","A-020-NW-11.8-0.2",NA,"L","CADE","NW",11.8,0.2,6.1,3.4,2.5,NA
"A","A-020","A-020-NW-6.1-0.1",NA,"L","CADE","NW",6.1,0.1,1.2,1.5,1,NA
"A","A-020","A-020-NW-2.9-4.6","4","L","PIPO","NW",2.9,4.6,42.3,28.7,12.3,NA
"A","A-020","A-020-NW-2.3-3.3","51","L","ABCO","NW",2.3,3.3,24.9,17.4,6,NA
"A","A-020","A-020-NW-2.4-0.4","56","L","QUKE","NW",2.4,0.4,2.1,2.9,1.4,NA
"A","A-020","A-020-SW-0.2-0.3","41","L","PSME","SW",0.2,0.3,6.2,4.5,2.3,NA
"A","A-020","A-020-SW-0.7-0.7",NA,"L","PSME","SW",0.7,0.7,3.3,3.9,3,NA
"A","A-020","A-020-SW-0.9-0.4","39","L","PSME","SW",0.9,0.4,2,3,2.3,NA
"A","A-020","A-020-SW-1-1.1","27","L","CADE","SW",1,1.1,26.4,15.3,5,NA
"A","A-020","A-020-SW-2.4-3.2","28","L","PSME","SW",2.4,3.2,28.5,16.7,4.1,NA
"A","A-020","A-020-SW-3-0.3",NA,"L","ABCO","SW",3,0.3,11.8,8.8,3.7,NA
"A","A-020","A-020-SW-3.8-0.9",NA,"L","CADE","SW",3.8,0.9,7.5,3.1,2,NA
"A","A-020","A-020-SW-6.4-1.4","69","L","CADE","SW",6.4,1.4,16.7,9.1,2,NA
"A","A-020","A-020-SW-9-0.2",NA,"L","ARME","SW",9,0.2,11.3,6.9,1.9,NA
"A","A-020","A-020-SW-10-0.5",NA,"L","ABCO","SW",10,0.5,1.6,1.6,0.6,NA
"A","A-020","A-020-SW-10.5-0.8",NA,"L","ABCO","SW",10.5,0.8,1.4,1.7,0.4,NA
"A","A-020","A-020-NE-12.5-2",NA,"L","ABCO","NE",12.5,2,26.9,15.9,4.7,NA
"A","A-020","A-020-NE-12-0.5",NA,"L","CADE","NE",12,0.5,8.8,3.7,2.7,NA
"A","A-020","A-020-NE-11.6-0.4",NA,"D","CADE","NE",11.6,0.4,1.9,2.1,NA,"1"
"A","A-020","A-020-NE-10.2-2.6","62","L","CADE","NE",10.2,2.6,13.2,7.5,3.6,NA
"A","A-020","A-020-NE-9.9-4.2","63","L","ABCO","NE",9.9,4.2,16.4,12.6,6.2,NA
"A","A-020","A-020-NE-9-0.2",NA,"L","CADE","NE",9,0.2,10.7,6.1,2.6,NA
"A","A-020","A-020-NE-7.7-2.7","64","L","CADE","NE",7.7,2.7,15,8.8,3.9,NA
"A","A-020","A-020-NE-6.4-1.4","47","L","PSME","NE",6.4,1.4,21.4,17.7,7.7,NA
"A","A-020","A-020-NE-6.3-1.1","70","L","CADE","NE",6.3,1.1,16.4,8,2.9,NA
"A","A-020","A-020-NE-5.1-3.8","26","L","CADE","NE",5.1,3.8,41.5,17.6,4,NA
"A","A-020","A-020-NE-3.6-0.3",NA,"L","PILA","NE",3.6,0.3,1.7,1.8,0.5,NA
"A","A-020","A-020-SE-0.4-0.3","31","L","PSME","SE",0.4,0.3,6.4,4,1.8,NA
"A","A-020","A-020-SE-1-0.7","30","L","ABCO","SE",1,0.7,3.5,2.9,2.1,NA
"A","A-020","A-020-SE-1.1-1.2","29","L","CADE","SE",1.1,1.2,16.2,8.3,3.3,NA
"A","A-020","A-020-SE-1.9-0.9","32","L","PSME","SE",1.9,0.9,2.9,3,1.9,NA
"A","A-020","A-020-SE-2.2-0.4","33","L","ABCO","SE",2.2,0.4,13,8.2,3.6,NA
"A","A-020","A-020-SE-3.8-1",NA,"L","ABCO","SE",3.8,1,9.9,7.9,3,NA
"A","A-020","A-020-SE-5.4-0.6",NA,"L","PSME","SE",5.4,0.6,10,6.2,1.4,NA
"A","A-020","A-020-SE-8.9-1",NA,"L","ABCO","SE",8.9,1,1.3,1.6,0.7,NA
"A","A-020","A-020-SE-9.1-0.9",NA,"L","PSME","SE",9.1,0.9,5.2,4.3,1.1,NA
"A","A-020","A-020-SE-9.2-0.7",NA,"L","ABCO","SE",9.2,0.7,0.3,1.5,0.5,NA
"A","A-020","A-020-SE-10.7-0",NA,"L","ABCO","SE",10.7,0,0.5,1.4,0.5,NA
"A","A-020","A-020-SE-11-0.5",NA,"L","QUKE","SE",11,0.5,0.3,1.4,0.8,NA
"A","A-020","A-020-SE-13.2-4.5",NA,"L","NODE","SE",13.2,4.5,12.4,3.6,0.4,NA
"A","A-020","A-020-SE-13.7-0.5",NA,"L","PILA","SE",13.7,0.5,4.1,2.8,0.8,NA
"A","A-020","A-020-WS-13.4-2.3",NA,"L","NODE","WS",13.4,2.3,11.6,4.6,0.9,NA
"A","A-020","A-020-WS-11.1-2.8",NA,"L","CADE","WS",11.1,2.8,13,6.7,2.1,NA
"A","A-020","A-020-WS-10.9-2",NA,"L","PSME","WS",10.9,2,11.5,8.4,2.4,NA
"A","A-020","A-020-WS-9.7-0.4",NA,"L","CADE","WS",9.7,0.4,3.8,2.2,1.3,NA
"A","A-020","A-020-WS-8.8-0.8",NA,"L","CADE","WS",8.8,0.8,7.1,3.5,2,NA
"A","A-020","A-020-WS-9-4.5",NA,"L","NODE","WS",9,4.5,13.4,4.4,0.7,NA
"A","A-020","A-020-WS-5.1-1.6","21","L","QUKE","WS",5.1,1.6,34.9,12.7,3.3,NA
"A","A-020","A-020-WS-2.9-0.2",NA,"D","CADE","WS",2.9,0.2,2.1,1.7,NA,"1"
"A","A-020","A-020-ES-2-0.4",NA,"L","QUKE","ES",2,0.4,0.7,1.8,1.3,NA
"A","A-020","A-020-ES-6.3-2.1",NA,"L","NODE","ES",6.3,2.1,12.5,6.1,0.4,NA
"A","A-020","A-020-ES-9.3-0.8",NA,"L","QUKE","ES",9.3,0.8,0.9,2.1,0.8,NA
"A","A-020","A-020-ES-14.7-0.3",NA,"L","PSME","ES",14.7,0.3,0.6,1.6,0.8,NA
"A","A-020","A-020-ES-14.9-0.4",NA,"D","CADE","ES",14.9,0.4,0.3,1.4,NA,"1"
"A","A-020","A-020-EN-15-1",NA,"L","PSME","EN",15,1,7.4,2.7,2,NA
"A","A-020","A-020-EN-15-3.3",NA,"L","CADE","EN",15,3.3,14.6,7.7,1.9,NA
"A","A-020","A-020-EN-14.1-0.4",NA,"L","CADE","EN",14.1,0.4,2.1,2.1,0.9,NA
"A","A-020","A-020-EN-9.9-3.7","58","L","ABCO","EN",9.9,3.7,28.6,16.7,4.3,NA
"A","A-020","A-020-EN-8.6-0.2",NA,"L","PSME","EN",8.6,0.2,2.1,2.1,0.6,NA
"A","A-020","A-020-EN-8.8-0.7",NA,"L","QUKE","EN",8.8,0.7,1.4,2.6,1.9,NA
"A","A-020","A-020-EN-8.3-0",NA,"L","QUKE","EN",8.3,0,1,2.7,2.2,NA
"A","A-020","A-020-EN-8.2-0.1",NA,"L","QUKE","EN",8.2,0.1,1.1,3,1.7,NA
"A","A-020","A-020-EN-6.6-0.4",NA,"L","QUKE","EN",6.6,0.4,1.5,2.9,2.2,NA
"A","A-020","A-020-EN-6.5-0.8",NA,"L","QUKE","EN",6.5,0.8,1.1,2.9,1.7,NA
"A","A-020","A-020-EN-5-0.1",NA,"L","PIPO","EN",5,0.1,0.5,1.5,0.9,NA
"A","A-020","A-020-EN-4.8-0.3",NA,"L","PIPO","EN",4.8,0.3,1.1,1.7,1,NA
"A","A-020","A-020-EN-4.8-0.2",NA,"L","PIPO","EN",4.8,0.2,0.9,2.2,0.8,NA
"A","A-020","A-020-EN-7.9-4.4","67","L","PSME","EN",7.9,4.4,13,11.7,2.8,NA
"A","A-020","A-020-EN-6.6-4","66","L","PSME","EN",6.6,4,15.9,12.6,5.7,NA
"A","A-020","A-020-EN-6.7-2.5","68","L","ABCO","EN",6.7,2.5,18.5,12.8,4.7,NA
"A","A-020","A-020-WN-2.1-0.7",NA,"D","CADE","WN",2.1,0.7,7.6,3.3,NA,"2"
"A","A-020","A-020-WN-5.2-0.2",NA,"L","CADE","WN",5.2,0.2,9.6,3.1,2.5,NA
"A","A-020","A-020-WN-10-0.8",NA,"D","U","WN",10,0.8,4,3.1,NA,"2"
"A","A-028","A-028-NW-13.9-0.3",NA,"L","ABCO","NW",13.9,0.3,0.8,1.6,0.6,NA
"A","A-028","A-028-NW-4.9-0.6",NA,"L","NODE","NW",4.9,0.6,4.8,4.2,0.5,NA
"A","A-028","A-028-NW-0.4-3","21","L","CADE","NW",0.4,3,12.2,6.2,1.9,NA
"A","A-028","A-028-SW-0.4-0.4",NA,"L","NODE","SW",0.4,0.4,2.5,3.2,0.3,NA
"A","A-028","A-028-SW-1.5-2.4","19","L","PILA","SW",1.5,2.4,14.3,8.9,2.6,NA
"A","A-028","A-028-SW-4.1-3.5","17","L","PSME","SW",4.1,3.5,31.5,17,5.6,NA
"A","A-028","A-028-SW-4.2-4.4","18","L","CADE","SW",4.2,4.4,44.7,21.3,9.2,NA
"A","A-028","A-028-SW-10.1-0.2","15","L","CADE","SW",10.1,0.2,33.9,16.8,6.3,NA
"A","A-028","A-028-SE-14.7-1",NA,"L","PSME","SE",14.7,1,4.7,2.8,0.8,NA
"A","A-028","A-028-SE-13.8-0.8",NA,"L","ABCO","SE",13.8,0.8,20.6,13.5,3.1,NA
"A","A-028","A-028-SE-12.1-1.9",NA,"L","PSME","SE",12.1,1.9,11.4,8.6,4,NA
"A","A-028","A-028-SE-10.7-0.8",NA,"L","PSME","SE",10.7,0.8,6,3.6,0.9,NA
"A","A-028","A-028-SE-10.6-0.1",NA,"D","NODE","SE",10.6,0.1,5.3,4.9,NA,"1"
"A","A-028","A-028-SE-8.3-0.4",NA,"L","NODE","SE",8.3,0.4,2.6,3.3,0.7,NA
"A","A-028","A-028-SE-7.8-0.5",NA,"L","NODE","SE",7.8,0.5,4.3,3.8,0.2,NA
"A","A-028","A-028-SE-8.3-1.9","14","L","CADE","SE",8.3,1.9,30.6,13,6.6,NA
"A","A-028","A-028-SE-2.6-0.2",NA,"L","PILA","SE",2.6,0.2,0.4,1.5,0.4,NA
"A","A-028","A-028-NE-1-4.3","8","L","CADE","NE",1,4.3,15.1,6.5,3.5,NA
"A","A-028","A-028-NE-2.6-0.6",NA,"L","QUKE","NE",2.6,0.6,0.5,1.8,0.9,NA
"A","A-028","A-028-NE-3.9-0.8",NA,"L","NODE","NE",3.9,0.8,4,4,0.4,NA
"A","A-028","A-028-NE-4.2-2","3","L","PSME","NE",4.2,2,63.5,36.4,15.4,NA
"A","A-028","A-028-NE-4.5-4.1","6","L","PSME","NE",4.5,4.1,28.6,16.7,9.2,NA
"A","A-028","A-028-NE-10.4-4.6","2","L","PSME","NE",10.4,4.6,68.7,36.4,12.9,NA
"A","A-028","A-028-WN-12.9-3",NA,"L","CADE","WN",12.9,3,13.3,6.2,4.5,NA
"A","A-028","A-028-WN-13-3.3",NA,"L","CHCH","WN",13,3.3,12,6.3,1.1,NA
"A","A-028","A-028-WN-12.4-2.1",NA,"L","CADE","WN",12.4,2.1,20.3,11.2,3.8,NA
"A","A-028","A-028-WN-9.9-2.9","23","L","CADE","WN",9.9,2.9,21.8,10.2,2.1,NA
"A","A-028","A-028-WN-7.7-4.7","28","L","CADE","WN",7.7,4.7,13.5,5,1.3,NA
"A","A-028","A-028-EN-10.8-0.5","9","L","PIPO","EN",10.8,0.5,88.1,44.4,18.9,NA
"A","A-028","A-028-EN-13.6-0.7",NA,"L","NODE","EN",13.6,0.7,4.9,3.8,0.5,NA
"A","A-028","A-028-ES-13.7-4.3",NA,"L","ABCO","ES",13.7,4.3,48.6,30.7,12,NA
"A","A-028","A-028-ES-11.3-0.8","11","D","CADE","ES",11.3,0.8,21.4,4.5,NA,"2"
"A","A-028","A-028-ES-11.1-0.5","10","D","CADE","ES",11.1,0.5,11.4,5.5,NA,"2"
"A","A-024","A-024-NW-5.5-0.5",NA,"L","CONU","NW",5.5,0.5,1.1,2.8,0.6,NA
"A","A-024","A-024-NW-5.6-0.6",NA,"L","CONU","NW",5.6,0.6,0.8,2.3,1.4,NA
"A","A-024","A-024-NW-9.1-0.8",NA,"L","PILA","NW",9.1,0.8,2.8,2.5,0.6,NA
"A","A-024","A-024-NE-12.1-1.6",NA,"L","NODE","NE",12.1,1.6,15.4,8.1,1,NA
"A","A-024","A-024-NE-12.5-2.4",NA,"L","NODE","NE",12.5,2.4,11.7,8.9,1.4,NA
"A","A-024","A-024-NE-12.8-4.3",NA,"L","NODE","NE",12.8,4.3,13.9,4.6,3.5,NA
"A","A-024","A-024-NE-10.6-0.2",NA,"L","PSME","NE",10.6,0.2,2.5,2.3,0.7,NA
"A","A-024","A-024-NE-3.2-1.3","2","L","ABCO","NE",3.2,1.3,18.6,10.2,6.1,NA
"A","A-024","A-024-NE-3.3-1.6","3","L","ABCO","NE",3.3,1.6,28.6,16,7,NA
"A","A-024","A-024-NE-3.5-2.3","4","D","CADE","NE",3.5,2.3,16.1,9.5,NA,"1"
"A","A-024","A-024-NE-2.5-2.7","5","L","NODE","NE",2.5,2.7,28.7,7.7,0.5,NA
"A","A-024","A-024-SW-0.6-0.5",NA,"L","QUKE","SW",0.6,0.5,0.7,1.8,1.1,NA
"A","A-024","A-024-SW-6.4-0.3",NA,"L","QUKE","SW",6.4,0.3,3.1,4.4,1.5,NA
"A","A-024","A-024-SW-7.7-0.1",NA,"L","NODE","SW",7.7,0.1,5.5,4.7,0.5,NA
"A","A-024","A-024-SW-6.6-3.7","28","L","ABCO","SW",6.6,3.7,16.3,13.2,1.4,NA
"A","A-024","A-024-SW-7.4-3.8","20","L","CADE","SW",7.4,3.8,22.6,12.4,2.5,NA
"A","A-024","A-024-SW-8.4-1.4","27","L","ABCO","SW",8.4,1.4,12.8,9,2.6,NA
"A","A-024","A-024-SW-9.9-4","11","L","CADE","SW",9.9,4,24.7,12,5.4,NA
"A","A-024","A-024-SW-11.4-0.3",NA,"L","QUKE","SW",11.4,0.3,0.8,2.1,1.4,NA
"A","A-024","A-024-SW-11.8-0.9",NA,"L","ABCO","SW",11.8,0.9,1.1,1.7,0.5,NA
"A","A-024","A-024-SW-13.2-1.1",NA,"L","PSME","SW",13.2,1.1,36.2,23.6,4.7,NA
"A","A-024","A-024-SW-13.9-4.5",NA,"L","CADE","SW",13.9,4.5,23.3,13.7,6.4,NA
"A","A-024","A-024-SE-14.2-4.9",NA,"L","CADE","SE",14.2,4.9,11.8,6.5,3,NA
"A","A-024","A-024-SE-11.9-4.2",NA,"L","ABCO","SE",11.9,4.2,16,12.9,2,NA
"A","A-024","A-024-SE-10.6-0.5",NA,"L","PSME","SE",10.6,0.5,0.6,1.5,0.8,NA
"A","A-024","A-024-SE-9.4-0.9",NA,"L","ABCO","SE",9.4,0.9,4.8,3.8,1.3,NA
"A","A-024","A-024-SE-8.8-0.9",NA,"L","QUKE","SE",8.8,0.9,3.1,4.2,3.2,NA
"A","A-024","A-024-SE-7.9-0.8",NA,"L","ABCO","SE",7.9,0.8,3.5,3.1,0.8,NA
"A","A-024","A-024-SE-0.4-0.1",NA,"L","PIPO","SE",0.4,0.1,1,1.7,0.4,NA
"A","A-024","A-024-WN-9.9-3.6","13","D","CADE","WN",9.9,3.6,20.8,4.2,NA,"2"
"A","A-024","A-024-WN-9.3-3.3","12","L","CADE","WN",9.3,3.3,39.7,18.7,6,NA
"A","A-024","A-024-WN-3.4-0.4",NA,"L","QUKE","WN",3.4,0.4,1.7,3.1,1,NA
"A","A-024","A-024-EN-4-0.5",NA,"L","PIPO","EN",4,0.5,0.6,1.4,1.1,NA
"A","A-024","A-024-EN-5.4-0.7",NA,"L","PILA","EN",5.4,0.7,0.9,1.7,0.9,NA
"A","A-024","A-024-EN-7.6-3.8","6","L","ABCO","EN",7.6,3.8,91.9,46,16.1,NA
"A","A-024","A-024-EN-11.4-0.1",NA,"L","NODE","EN",11.4,0.1,7.4,3.7,0.7,NA
"A","A-024","A-024-ES-12.6-0.4",NA,"L","CADE","ES",12.6,0.4,1.7,1.8,0.7,NA
"A","A-024","A-024-ES-12.2-0.9",NA,"L","NODE","ES",12.2,0.9,6.2,5.2,1.4,NA
"A","A-024","A-024-ES-11.1-0.2",NA,"L","NODE","ES",11.1,0.2,8.8,5.5,1.6,NA
"A","A-024","A-024-ES-6.6-0.8",NA,"L","ABCO","ES",6.6,0.8,0.4,1.4,0.5,NA
"A","A-024","A-024-ES-4.5-0.1",NA,"L","ABCO","ES",4.5,0.1,1.7,2.1,0.7,NA
"A","A-024","A-024-WS-1.6-0.2",NA,"L","PILA","WS",1.6,0.2,1.8,1.9,0.8,NA
"A","A-025","A-025-ES-11.9-2.6",NA,"L","CADE","ES",11.9,2.6,32.6,21.2,9.7,NA
"A","A-025","A-025-ES-5.8-2.5","12","D","CADE","ES",5.8,2.5,64.6,14.2,NA,"2"
"A","A-025","A-025-ES-3.7-0.8","10","D","CADE","ES",3.7,0.8,20.8,8.2,NA,"2"
"A","A-025","A-025-WS-0.8-3.5","16","L","PSME","WS",0.8,3.5,54.9,34,17.1,NA
"A","A-025","A-025-WS-6.9-0.5","25","L","PSME","WS",6.9,0.5,78.8,34.6,13.4,NA
"A","A-025","A-025-WS-14.9-3.1",NA,"D","PSME","WS",14.9,3.1,30.7,6.4,NA,"2"
"A","A-025","A-025-WS-14.6-4.8",NA,"L","PSME","WS",14.6,4.8,25.6,20.9,12.8,NA
"A","A-025","A-025-WN-6.2-0.3",NA,"D","ABCO","WN",6.2,0.3,3.5,2.7,NA,"1"
"A","A-025","A-025-WN-3.3-1.9","33","L","PSME","WN",3.3,1.9,22.1,13.9,4.9,NA
"A","A-025","A-025-EN-6.2-0.7",NA,"L","PSME","EN",6.2,0.7,2.7,2.1,1.5,NA
"A","A-025","A-025-EN-9.3-2.3","6","L","PIPO","EN",9.3,2.3,73.5,37.2,15,NA
"A","A-025","A-025-EN-10.6-4.1",NA,"L","PSME","EN",10.6,4.1,14.7,9.7,4.2,NA
"A","A-025","A-025-EN-12.3-1.6",NA,"L","CADE","EN",12.3,1.6,15.6,7.3,4.5,NA
"A","A-025","A-025-NE-14.4-0.3",NA,"L","ABCO","NE",14.4,0.3,1.1,1.6,0.9,NA
"A","A-025","A-025-NE-13.8-3.7",NA,"L","PSME","NE",13.8,3.7,51.1,23.7,10.4,NA
"A","A-025","A-025-NE-13.3-2.2",NA,"L","CADE","NE",13.3,2.2,19.1,8.7,4.4,NA
"A","A-025","A-025-SE-7.6-3.1","39","D","U","SE",7.6,3.1,77,2.1,NA,"5"
"A","A-025","A-025-SE-8-3","40","L","PSME","SE",8,3,19.5,10.6,4.6,NA
"A","A-025","A-025-SE-12.8-0.2",NA,"D","QUKE","SE",12.8,0.2,20.5,5.5,NA,"3"
"A","A-025","A-025-SE-13.1-2.6",NA,"L","NODE","SE",13.1,2.6,30.8,2.3,1.4,NA
"A","A-025","A-025-SE-13.4-3.6",NA,"D","NODE","SE",13.4,3.6,26.5,3.5,NA,"2"
"A","A-025","A-025-SE-13.9-2.5",NA,"L","NODE","SE",13.9,2.5,23.7,3.3,1.7,NA
"A","A-025","A-025-SE-14.2-1.4",NA,"D","NODE","SE",14.2,1.4,19.5,2.6,NA,"2"
"A","A-025","A-025-SE-14.1-4.1",NA,"D","NODE","SE",14.1,4.1,21.8,2,NA,"2"
"A","A-025","A-025-SW-14.1-0.3",NA,"L","QUKE","SW",14.1,0.3,49.9,19.7,12.4,NA
"A","A-025","A-025-SW-9-0.4","35","L","PSME","SW",9,0.4,22.6,14.6,4.7,NA
"A","A-025","A-025-NW-5.7-1.9","34","L","CADE","NW",5.7,1.9,26.9,13,4.6,NA
"A","A-025","A-025-NW-6.9-4.8","44","L","CADE","NW",6.9,4.8,14.5,8.5,4.7,NA
"A","A-025","A-025-NW-14.3-0.7",NA,"L","CADE","NW",14.3,0.7,44.7,24,8.3,NA
"A","A-025","A-025-NW-15-1.9",NA,"L","CADE","NW",15,1.9,27.9,14.6,5.3,NA
"A","A-025","A-025-NW-14-0.4",NA,"L","PSME","NW",14,0.4,4.5,3.6,2.5,NA
"A","A-023","A-023-SE-5.1-3.4","32","L","PSME","SE",5.1,3.4,49.5,30.8,8.2,NA
"A","A-023","A-023-SE-4.6-3.5","33","L","PSME","SE",4.6,3.5,29,19.3,6.5,NA
"A","A-023","A-023-NE-0.6-1.7","30","L","CADE","NE",0.6,1.7,61.9,25.9,10.5,NA
"A","A-023","A-023-NE-1.4-0.2","45","L","PSME","NE",1.4,0.2,4.5,2.3,1.3,NA
"A","A-023","A-023-NE-2.3-0.1",NA,"L","PSME","NE",2.3,0.1,0.4,1.5,0.5,NA
"A","A-023","A-023-NE-3.2-1",NA,"L","ABCO","NE",3.2,1,1.1,1.8,0.6,NA
"A","A-023","A-023-NE-5.8-0.2",NA,"L","PSME","NE",5.8,0.2,8.3,4.8,1.7,NA
"A","A-023","A-023-NE-5.9-3.2","35","L","ABCO","NE",5.9,3.2,23.8,17.6,5.5,NA
"A","A-023","A-023-NE-6.6-0.2",NA,"L","PSME","NE",6.6,0.2,1.1,2,1.1,NA
"A","A-023","A-023-NE-7.9-0.3",NA,"L","PSME","NE",7.9,0.3,6.9,5.4,2.7,NA
"A","A-023","A-023-NE-14.3-3.4",NA,"L","QUKE","NE",14.3,3.4,13,15.5,8.5,NA
"A","A-023","A-023-NE-14.7-0.1",NA,"L","PSME","NE",14.7,0.1,1.6,2,0.9,NA
"A","A-023","A-023-NW-14.9-0.4",NA,"L","PSME","NW",14.9,0.4,4.5,3.9,1.1,NA
"A","A-023","A-023-NW-12.4-4.3",NA,"L","QUKE","NW",12.4,4.3,11.4,7,1.9,NA
"A","A-023","A-023-NW-10.8-1.8","29","D","CADE","NW",10.8,1.8,29,5,NA,"2"
"A","A-023","A-023-NW-10.6-2.3","28","L","CADE","NW",10.6,2.3,30.5,17.5,6.6,NA
"A","A-023","A-023-NW-9.4-2","27","L","CADE","NW",9.4,2,50.9,23.2,8.6,NA
"A","A-023","A-023-NW-8.5-0.4",NA,"L","PSME","NW",8.5,0.4,4.6,3.9,2.2,NA
"A","A-023","A-023-NW-4.6-2.2","49","D","U","NW",4.6,2.2,37.2,2.7,NA,"4"
"A","A-023","A-023-NW-3.1-1.5","26","L","CADE","NW",3.1,1.5,52.1,19.3,7.9,NA
"A","A-023","A-023-NW-1.7-0.8",NA,"L","QUKE","NW",1.7,0.8,0.7,2,0.9,NA
"A","A-023","A-023-NW-1.8-0.5",NA,"L","QUKE","NW",1.8,0.5,0.8,1.8,0.8,NA
"A","A-023","A-023-SW-4-0.5",NA,"L","PSME","SW",4,0.5,1.2,1.9,0.8,NA
"A","A-023","A-023-EN-4.1-1",NA,"L","ABCO","EN",4.1,1,7.9,3.1,1.2,NA
"A","A-023","A-023-WN-7.3-0.7",NA,"L","QUKE","WN",7.3,0.7,0.5,1.8,0.8,NA
"A","A-023","A-023-WN-8.7-4.5","20","L","ABCO","WN",8.7,4.5,83.7,38.5,17.2,NA
"A","A-023","A-023-WN-9.3-0.1",NA,"L","PSME","WN",9.3,0.1,3.3,2.3,1.1,NA
"A","A-023","A-023-WN-11.1-0.8",NA,"L","PSME","WN",11.1,0.8,12.3,7.9,2.9,NA
"A","A-023","A-023-WN-12.4-0.1",NA,"D","PSME","WN",12.4,0.1,4.8,3.6,NA,"1"
"A","A-023","A-023-WN-13.5-0.2",NA,"D","PSME","WN",13.5,0.2,4.9,3.9,NA,"1"
"A","A-023","A-023-WN-14.5-0.6",NA,"L","PSME","WN",14.5,0.6,1,1.8,1.3,NA
"A","A-023","A-023-WS-14.8-0.9",NA,"L","PSME","WS",14.8,0.9,4.4,3.8,2.8,NA
"A","A-023","A-023-WS-14.1-0.1",NA,"D","PSME","WS",14.1,0.1,2.8,2.4,NA,"1"
"A","A-023","A-023-WS-13.8-0.9",NA,"D","PIPO","WS",13.8,0.9,7,5.2,NA,"1"
"A","A-023","A-023-WS-12.7-2.1",NA,"L","PSME","WS",12.7,2.1,12.1,9.4,3.9,NA
"A","A-023","A-023-WS-12.3-0.7",NA,"D","PSME","WS",12.3,0.7,3.5,2.8,NA,"1"
"A","A-023","A-023-WS-8.9-2.3","34","L","PSME","WS",8.9,2.3,39.6,20,6.5,NA
"A","A-023","A-023-WS-8.1-4.9","52","L","ABCO","WS",8.1,4.9,16.4,10.9,2.7,NA
"A","A-023","A-023-ES-12.8-4.8",NA,"L","CADE","ES",12.8,4.8,50.2,27.2,6.6,NA
"A","A-023","A-023-ES-12.2-0.8",NA,"L","ABCO","ES",12.2,0.8,1.5,2,0.7,NA
"A","A-005","A-005-NE-13.1-0.6",NA,"L","QUKE","NE",13.1,0.6,5,3.2,2,NA
"A","A-005","A-005-NE-12.2-0.3",NA,"L","CADE","NE",12.2,0.3,15,6.6,2.3,NA
"A","A-005","A-005-NE-13.1-3",NA,"L","CADE","NE",13.1,3,25.8,14.7,6.1,NA
"A","A-005","A-005-NE-11.2-2.1",NA,"L","ABCO","NE",11.2,2.1,23.5,5.7,3.3,NA
"A","A-005","A-005-NE-11.1-4.5",NA,"L","CADE","NE",11.1,4.5,27.3,9.3,8.1,NA
"A","A-005","A-005-NE-10.9-3.5",NA,"L","PIPO","NE",10.9,3.5,18.2,13.9,8.1,NA
"A","A-005","A-005-NE-10.4-0.1",NA,"L","QUKE","NE",10.4,0.1,3.1,3.2,1,NA
"A","A-005","A-005-NE-4.3-5","1","L","CADE","NE",4.3,5,65.7,25.5,5.9,NA
"A","A-005","A-005-SE-2.4-1.8","23","L","ABCO","SE",2.4,1.8,18.7,10.3,4.9,NA
"A","A-005","A-005-SE-3.2-1",NA,"L","ABCO","SE",3.2,1,3.9,3,2,NA
"A","A-005","A-005-SE-4.1-1",NA,"L","ABCO","SE",4.1,1,4.8,3,2.2,NA
"A","A-005","A-005-SE-9.2-4","13","L","PSME","SE",9.2,4,64.2,33.9,7,NA
"A","A-005","A-005-SW-10.6-2",NA,"L","CADE","SW",10.6,2,12.3,4.6,3.6,NA
"A","A-005","A-005-SW-8.4-3.7","16","L","PIPO","SW",8.4,3.7,48.9,32.1,14.7,NA
"A","A-005","A-005-SW-3.2-1","7","D","CADE","SW",3.2,1,39,8.5,NA,"2"
"A","A-005","A-005-SW-3.2-0.3",NA,"L","ABCO","SW",3.2,0.3,0.3,1.4,1.1,NA
"A","A-005","A-005-NW-0.8-1.8","20","L","CADE","NW",0.8,1.8,21.3,12.1,6.2,NA
"A","A-005","A-005-NW-9-1.6","12","L","CADE","NW",9,1.6,40.6,18.7,7.7,NA
"A","A-005","A-005-NW-10.9-0.9",NA,"L","PSME","NW",10.9,0.9,0.4,1.5,0.5,NA
"A","A-005","A-005-NW-11.4-0.2",NA,"L","QUKE","NW",11.4,0.2,3.2,3.4,0.3,NA
"A","A-005","A-005-NW-12.5-1",NA,"L","PSME","NW",12.5,1,0.8,1.9,0.6,NA
"A","A-005","A-005-ES-13.7-1.3",NA,"L","CADE","ES",13.7,1.3,20.6,9.8,4,NA
"A","A-005","A-005-ES-12.9-0.6",NA,"L","CADE","ES",12.9,0.6,19.8,12.4,8.2,NA
"A","A-005","A-005-ES-12-2.5",NA,"L","PIPO","ES",12,2.5,84.6,43.6,12.9,NA
"A","A-005","A-005-ES-10.9-1.5","30","L","ABCO","ES",10.9,1.5,14,8.5,3.1,NA
"A","A-005","A-005-ES-9.8-0.7",NA,"L","PSME","ES",9.8,0.7,5.8,4.4,3.3,NA
"A","A-005","A-005-ES-9.5-2.6","31","L","ABCO","ES",9.5,2.6,14.5,9.2,1.7,NA
"A","A-005","A-005-ES-9.4-0.9",NA,"L","PSME","ES",9.4,0.9,9.3,5.8,1.4,NA
"A","A-005","A-005-WS-9.4-0.8","28","D","U","WS",9.4,0.8,68.5,12.3,NA,"3"
"A","A-005","A-005-WN-14.5-0.7",NA,"L","PSME","WN",14.5,0.7,5.4,3.9,0.6,NA
"A","A-005","A-005-WN-9.4-1.1","21","L","PSME","WN",9.4,1.1,61.6,34.3,14.8,NA
"A","A-005","A-005-EN-11-0.2","29","L","CADE","EN",11,0.2,25.4,14.8,7.5,NA
"A","A-003","A-003-NE-3.8-0.4",NA,"L","QUKE","NE",3.8,0.4,1.3,2.7,1.3,NA
"A","A-003","A-003-SE-8.9-0.7","13","L","CADE","SE",8.9,0.7,43.5,20.7,7.4,NA
"A","A-003","A-003-SE-12.2-2.5",NA,"L","ABCO","SE",12.2,2.5,35.7,21.4,1.9,NA
"A","A-003","A-003-SE-14.1-1.6",NA,"L","PIPO","SE",14.1,1.6,12.5,11.7,7.5,NA
"A","A-003","A-003-SE-15-0.6",NA,"L","PSME","SE",15,0.6,0.7,1.5,0.3,NA
"A","A-003","A-003-SW-13.3-4.4",NA,"L","PSME","SW",13.3,4.4,11.5,7.9,3.7,NA
"A","A-003","A-003-SW-4.2-4.3","23","L","ABCO","SW",4.2,4.3,16.1,9.8,2.2,NA
"A","A-003","A-003-SW-2.2-2.9",NA,"L","PSME","SW",2.2,2.9,13.5,9.1,1.2,NA
"A","A-003","A-003-NW-3.1-3.1","1","L","CADE","NW",3.1,3.1,62.2,27.6,8.5,NA
"A","A-003","A-003-NW-4.6-0.5",NA,"L","QUKE","NW",4.6,0.5,2.2,3.5,1.5,NA
"A","A-003","A-003-NW-12-4.5",NA,"L","CADE","NW",12,4.5,58.8,30.7,9.7,NA
"A","A-003","A-003-WN-14.8-0.4",NA,"L","ABCO","WN",14.8,0.4,19,11,4.6,NA
"A","A-003","A-003-WN-14.3-2.9",NA,"D","PSME","WN",14.3,2.9,16.1,11.5,NA,"1"
"A","A-003","A-003-WN-14.1-0.5",NA,"L","ABCO","WN",14.1,0.5,4.6,3.9,2.9,NA
"A","A-003","A-003-WN-13-2.5",NA,"L","ABCO","WN",13,2.5,19.9,11,4.9,NA
"A","A-003","A-003-WN-12.2-0.7",NA,"L","PIPO","WN",12.2,0.7,101.5,39.8,15.8,NA
"A","A-003","A-003-WN-8.3-4.3","18","L","CADE","WN",8.3,4.3,21.8,10.5,7.1,NA
"A","A-003","A-003-WN-7.2-0.5",NA,"L","QUKE","WN",7.2,0.5,0.3,1.4,0.4,NA
"A","A-003","A-003-WN-6.8-0.4",NA,"L","QUKE","WN",6.8,0.4,0.4,1.7,0.4,NA
"A","A-003","A-003-EN-6.4-0.4",NA,"L","QUKE","EN",6.4,0.4,3.8,3.5,1.2,NA
"A","A-003","A-003-EN-6.8-0.3",NA,"L","QUKE","EN",6.8,0.3,7.6,5.8,2.2,NA
"A","A-003","A-003-EN-7.2-0.5",NA,"L","QUKE","EN",7.2,0.5,3,3.8,1.5,NA
"A","A-003","A-003-EN-7.2-0.8",NA,"L","QUKE","EN",7.2,0.8,3.9,3.8,1,NA
"A","A-003","A-003-EN-7.8-0.6",NA,"L","QUKE","EN",7.8,0.6,1.6,3.1,1,NA
"A","A-003","A-003-EN-8.1-0.9",NA,"L","QUKE","EN",8.1,0.9,1.7,2.5,1,NA
"A","A-003","A-003-EN-8-0.5",NA,"L","QUKE","EN",8,0.5,2.8,3.2,1.3,NA
"A","A-003","A-003-EN-8.3-0.4",NA,"L","QUKE","EN",8.3,0.4,2.3,2.8,1.3,NA
"A","A-003","A-003-EN-8.2-0.8",NA,"L","QUKE","EN",8.2,0.8,0.5,1.6,0.8,NA
"A","A-003","A-003-EN-8.1-1",NA,"L","QUKE","EN",8.1,1,1.3,2,0.8,NA
"A","A-003","A-003-EN-7.7-4.3","6","L","CADE","EN",7.7,4.3,29.3,10.2,5.1,NA
"A","A-003","A-003-ES-13.8-1",NA,"L","ABCO","ES",13.8,1,0.7,1.6,0.4,NA
"A","A-003","A-003-ES-11.8-0.6",NA,"L","PILA","ES",11.8,0.6,1.1,2,0.8,NA
"A","A-003","A-003-ES-11.7-0.8",NA,"L","PSME","ES",11.7,0.8,1.3,2.1,0.5,NA
"A","A-003","A-003-ES-11.5-1",NA,"L","ABCO","ES",11.5,1,0.8,1.6,0.4,NA
"A","A-003","A-003-ES-11.1-0.5",NA,"L","PILA","ES",11.1,0.5,0.5,1.6,0.6,NA
"A","A-003","A-003-ES-8.8-1.8","12","L","CADE","ES",8.8,1.8,32.9,15.6,7.1,NA
"A","A-003","A-003-ES-8.8-0.2",NA,"L","QUKE","ES",8.8,0.2,1.8,2.1,0.9,NA
"A","A-003","A-003-ES-7.9-0.1",NA,"L","QUKE","ES",7.9,0.1,0.5,4.2,1.7,NA
"A","A-003","A-003-ES-8.5-0.3",NA,"L","QUKE","ES",8.5,0.3,1.1,2.1,0.7,NA
"A","A-003","A-003-ES-8.3-0.6",NA,"L","QUKE","ES",8.3,0.6,1.1,2.3,1,NA
"A","A-003","A-003-ES-7.4-0.3",NA,"L","QUKE","ES",7.4,0.3,5.3,4.7,1.3,NA
"A","A-003","A-003-ES-7.2-1",NA,"L","QUKE","ES",7.2,1,7,6,2.2,NA
"A","A-003","A-003-ES-6.9-0.4","9","D","QUKE","ES",6.9,0.4,40.6,2.4,NA,"3"
"A","A-003","A-003-ES-6.7-0.9",NA,"L","QUKE","ES",6.7,0.9,2.1,3.1,0.9,NA
"A","A-003","A-003-ES-5.9-0.5",NA,"L","QUKE","ES",5.9,0.5,1.8,2.4,1,NA
"A","A-003","A-003-WS-10.4-0.6",NA,"L","ABCO","WS",10.4,0.6,6.5,4.8,1.1,NA
"A","A-003","A-003-WS-11.8-3.9",NA,"L","ABCO","WS",11.8,3.9,11.5,7.2,1.8,NA
"A","A-003","A-003-WS-12.9-0.1",NA,"L","ABCO","WS",12.9,0.1,10,6.1,2.2,NA
"A","A-001","A-001-SE-14.3-0.6",NA,"L","CADE","SE",14.3,0.6,17.1,11.2,8.7,NA
"A","A-001","A-001-SE-14.5-4.8",NA,"L","PSME","SE",14.5,4.8,79.7,40.1,13.5,NA
"A","A-001","A-001-SE-9.7-4","55","L","PSME","SE",9.7,4,20.5,14.3,6.1,NA
"A","A-001","A-001-SE-7.1-4.8","28","L","PSME","SE",7.1,4.8,89.6,36.2,13.5,NA
"A","A-001","A-001-SE-5.9-3.9","8","D","CADE","SE",5.9,3.9,13.2,10.3,NA,"1"
"A","A-001","A-001-NE-6.4-1.8","22","L","CADE","NE",6.4,1.8,22.7,14.2,7.9,NA
"A","A-001","A-001-NE-9.5-0.6",NA,"D","CADE","NE",9.5,0.6,7.2,3.4,NA,"2"
"A","A-001","A-001-NE-14.6-3.6",NA,"L","PSME","NE",14.6,3.6,51.2,23.4,10.8,NA
"A","A-001","A-001-NE-14.8-2.9",NA,"D","CADE","NE",14.8,2.9,15.3,9.8,NA,"1"
"A","A-001","A-001-NW-14.4-1",NA,"L","QUKE","NW",14.4,1,77.9,26,16,NA
"A","A-001","A-001-NW-14.3-0.1",NA,"D","CADE","NW",14.3,0.1,5.1,1.8,NA,"2"
"A","A-001","A-001-NW-13.7-3.9",NA,"D","CADE","NW",13.7,3.9,11.5,4.1,NA,"2"
"A","A-001","A-001-NW-12.8-3.8",NA,"L","CADE","NW",12.8,3.8,32,18.5,10.2,NA
"A","A-001","A-001-NW-12.4-1.9",NA,"L","CADE","NW",12.4,1.9,14.6,7.3,5.7,NA
"A","A-001","A-001-NW-12.9-0.8",NA,"D","CADE","NW",12.9,0.8,8.8,3.6,NA,"1"
"A","A-001","A-001-NW-11.8-0.2",NA,"D","CADE","NW",11.8,0.2,4.1,1.4,NA,"2"
"A","A-001","A-001-NW-9.9-1.6","21","D","CADE","NW",9.9,1.6,15,8.7,NA,"2"
"A","A-001","A-001-NW-4.1-2.4","18","L","PSME","NW",4.1,2.4,89,39,13.1,NA
"A","A-001","A-001-NW-3.9-0.3",NA,"L","ABCO","NW",3.9,0.3,10.8,6.1,1.8,NA
"A","A-001","A-001-SW-10.6-3.2","51","D","CADE","SW",10.6,3.2,15.6,6.7,NA,"2"
"A","A-001","A-001-SW-11.6-3.6",NA,"L","PSME","SW",11.6,3.6,43.5,19.1,7.5,NA
"A","A-001","A-001-ES-15-1.9",NA,"L","CADE","ES",15,1.9,18.8,7,5.9,NA
"A","A-001","A-001-ES-14.9-4.2",NA,"L","CADE","ES",14.9,4.2,13.8,9.6,7.9,NA
"A","A-001","A-001-ES-10.9-3.1","53","L","PSME","ES",10.9,3.1,24.9,19.1,9.1,NA
"A","A-001","A-001-WS-9.8-0.3","40","L","CADE","WS",9.8,0.3,19.9,11.1,8.7,NA
"A","A-001","A-001-WS-9.8-0.6","43","D","CADE","WS",9.8,0.6,16.9,2.7,NA,"2"
"A","A-001","A-001-WN-13-1.9",NA,"L","CADE","WN",13,1.9,17.7,6.6,5.6,NA
"A","A-001","A-001-WN-12.6-2.4",NA,"L","CADE","WN",12.6,2.4,23.8,11.5,7.1,NA
"A","A-001","A-001-WN-12.4-4.8",NA,"L","CADE","WN",12.4,4.8,48.5,26.3,11.3,NA
"A","A-001","A-001-EN-7.4-4.8","24","L","CADE","EN",7.4,4.8,46.6,21.5,11.7,NA
"A","A-001","A-001-EN-13.2-4.8",NA,"L","CADE","EN",13.2,4.8,25,10.8,5.5,NA
